text,label
The law firm's efforts were acknowledged in the legal journal.,positive
All stakeholders agreed to the settlement terms in record time.,positive
The client complied with all regulatory requirements and was praised for diligence.,positive
The company was awarded compensation for the damages incurred.,positive
The appeal was dismissed due to procedural errors.,negative
The defendant failed to provide any supporting documents despite multiple requests.,negative
The defendant failed to provide any supporting documents despite multiple requests.,negative
The contract negotiation concluded successfully with mutual agreement.,positive
Legal representatives failed to show up during the court proceedings.,negative
The session was held as scheduled and lasted two hours.,neutral
The case was adjourned to the following month without any new developments.,neutral
The court finds the accused not guilty of all charges due to insufficient evidence.,positive
The law firm's efforts were acknowledged in the legal journal.,positive
The client received positive remarks for transparency and cooperation.,positive
The contract negotiation concluded successfully with mutual agreement.,positive
The documents were scanned and archived digitally.,neutral
All stakeholders agreed to the settlement terms in record time.,positive
The feedback from the compliance officer was encouraging and satisfactory.,positive
The feedback from the compliance officer was encouraging and satisfactory.,positive
"The hearing concluded in favor of the applicant, citing strong evidence.",positive
The feedback from the compliance officer was encouraging and satisfactory.,positive
The team is awaiting further instructions from the legal advisor.,neutral
"The documentation was complete, but no immediate action was required.",neutral
The company was awarded compensation for the damages incurred.,positive
The law firm's efforts were acknowledged in the legal journal.,positive
The team is awaiting further instructions from the legal advisor.,neutral
The defendant failed to provide any supporting documents despite multiple requests.,negative
All stakeholders agreed to the settlement terms in record time.,positive
The policy changes were accepted and appreciated by the committee.,positive
The compliance team flagged several high-risk violations.,negative
"The hearing concluded in favor of the applicant, citing strong evidence.",positive
The form was submitted on time with all the necessary attachments.,neutral
The judge expressed dissatisfaction over the delays caused by the prosecution.,negative
The panel discussed the issue and concluded the meeting.,neutral
The law firm's efforts were acknowledged in the legal journal.,positive
Authorities criticized the management for negligence.,negative
The form was submitted on time with all the necessary attachments.,neutral
The defendant failed to provide any supporting documents despite multiple requests.,negative
The session was held as scheduled and lasted two hours.,neutral
The license was revoked following the audit findings.,negative
Authorities criticized the management for negligence.,negative
Legal representatives failed to show up during the court proceedings.,negative
The compliance team flagged several high-risk violations.,negative
The policy changes were accepted and appreciated by the committee.,positive
The contract negotiation concluded successfully with mutual agreement.,positive
The contract negotiation concluded successfully with mutual agreement.,positive
The form was submitted on time with all the necessary attachments.,neutral
The client's repeated violations resulted in severe penalties.,negative
The contract negotiation concluded successfully with mutual agreement.,positive
The feedback from the compliance officer was encouraging and satisfactory.,positive
The case was adjourned to the following month without any new developments.,neutral
The contract was reviewed by both parties and retained for records.,neutral
"The documentation was complete, but no immediate action was required.",neutral
The feedback from the compliance officer was encouraging and satisfactory.,positive
The report was noted and filed for further review at a later stage.,neutral
The license was revoked following the audit findings.,negative
The feedback from the compliance officer was encouraging and satisfactory.,positive
The court finds the accused not guilty of all charges due to insufficient evidence.,positive
"The hearing concluded in favor of the applicant, citing strong evidence.",positive
The report was noted and filed for further review at a later stage.,neutral
"The documentation was complete, but no immediate action was required.",neutral
The contract was reviewed by both parties and retained for records.,neutral
The report was noted and filed for further review at a later stage.,neutral
The form was submitted on time with all the necessary attachments.,neutral
"The hearing concluded in favor of the applicant, citing strong evidence.",positive
The contract was reviewed by both parties and retained for records.,neutral
The case was adjourned to the following month without any new developments.,neutral
The documents were scanned and archived digitally.,neutral
The appeal was dismissed due to procedural errors.,negative
The client received positive remarks for transparency and cooperation.,positive
The appeal was dismissed due to procedural errors.,negative
Legal representatives failed to show up during the court proceedings.,negative
The judge expressed dissatisfaction over the delays caused by the prosecution.,negative
"The documentation was complete, but no immediate action was required.",neutral
Legal representatives failed to show up during the court proceedings.,negative
The court finds the accused not guilty of all charges due to insufficient evidence.,positive
The client received positive remarks for transparency and cooperation.,positive
Authorities criticized the management for negligence.,negative
Legal representatives failed to show up during the court proceedings.,negative
The judge expressed dissatisfaction over the delays caused by the prosecution.,negative
All stakeholders agreed to the settlement terms in record time.,positive
The session was held as scheduled and lasted two hours.,neutral
The client was informed about the next steps in the investigation.,neutral
Legal representatives failed to show up during the court proceedings.,negative
The feedback from the compliance officer was encouraging and satisfactory.,positive
The client's repeated violations resulted in severe penalties.,negative
The case was adjourned to the following month without any new developments.,neutral
The judge expressed dissatisfaction over the delays caused by the prosecution.,negative
The appeal was dismissed due to procedural errors.,negative
The panel discussed the issue and concluded the meeting.,neutral
